candidate_id,name,gender,province,age,cohort,enrollment_date
C001,Melissa Robbins,M,North West,25,2024A,2025-04-30
C002,Darrell Curtis,F,Northern Cape,29,2024A,2025-06-22
C003,Kimberly Harris,M,Limpopo,29,2024A,2025-07-29
C004,Lisa Rodriguez,F,Limpopo,20,2024A,2025-08-17
C005,Teresa Martinez,F,Gauteng,24,2024C,2025-07-20
C006,Dana Charles,F,KwaZulu-Natal,25,2024B,2025-05-05
C007,Melody French,M,Eastern Cape,22,2024A,2025-09-01
C008,Olivia Gregory,M,North West,29,2024B,2025-04-09
C009,Samantha Carlson,M,Gauteng,20,2024A,2025-03-25
C010,Anthony Thomas,F,Limpopo,26,2024B,2025-08-06
C011,Charles Cruz,F,Gauteng,24,2024B,2025-04-30
C012,Jennifer Lang,F,KwaZulu-Natal,30,2024B,2025-05-17
C013,Lindsey Carter,F,Western Cape,23,2024C,2025-05-12
C014,Kayla Perez,F,Northern Cape,24,2024A,2025-06-22
C015,Jessica Parsons,F,Free State,20,2024C,2025-06-10
C016,Janet Horton,M,Gauteng,21,2024A,2025-06-08
C017,Ms. Shelby Rogers DDS,F,KwaZulu-Natal,30,2024C,2025-04-21
C018,Gina Dixon,F,Gauteng,30,2024C,2025-09-05
C019,Alyssa Landry,F,Gauteng,28,2024C,2025-09-16
C020,Timothy Reyes,M,KwaZulu-Natal,25,2024C,2025-06-13
C021,Daniel Wheeler,F,Gauteng,20,2024A,2025-09-10
C022,Larry Grimes,F,North West,22,2024A,2025-07-31
C023,Jorge Scott,M,North West,20,2024A,2025-06-01
C024,Edward Simon,M,Free State,28,2024B,2025-06-13
C025,Charles Reyes,M,Northern Cape,30,2024B,2025-07-09
C026,Colleen Flores,M,Eastern Cape,26,2024C,2025-05-18
C027,Donald Moore Jr.,F,Eastern Cape,21,2024C,2025-03-26
C028,Jacob Flynn,M,Eastern Cape,26,2024C,2025-07-22
C029,Donald Dennis,F,Mpumalanga,28,2024B,2025-06-01
C030,Tyrone Sanders,F,North West,24,2024C,2025-07-26
C031,William Flynn,F,Western Cape,29,2024C,2025-07-05
C032,Elizabeth Gonzalez,M,Limpopo,26,2024B,2025-03-30
C033,Maria Black,M,Eastern Cape,24,2024A,2025-04-17
C034,Anthony Bennett,M,North West,29,2024A,2025-05-01
C035,Randall Garrett,M,Limpopo,21,2024B,2025-07-31
C036,Amber Evans,M,Northern Cape,22,2024C,2025-04-01
C037,Tammy Roy,M,Northern Cape,29,2024C,2025-04-28
C038,Jennifer Phillips,F,Eastern Cape,29,2024C,2025-03-26
C039,Miguel Steele,M,Free State,22,2024C,2025-09-14
C040,Marissa West,F,Mpumalanga,21,2024A,2025-09-13
C041,Angel Atkinson,F,KwaZulu-Natal,23,2024C,2025-09-07
C042,Susan Burch,F,KwaZulu-Natal,20,2024A,2025-05-10
C043,Fernando Bates,M,Gauteng,22,2024B,2025-08-08
C044,Jorge Hancock,F,Limpopo,20,2024A,2025-04-03
C045,Tammy Pacheco,M,Northern Cape,23,2024A,2025-07-03
C046,Emily Barron,M,North West,23,2024A,2025-06-24
C047,Haley Dunn,M,Northern Cape,22,2024C,2025-07-29
C048,Monica Bryant,M,Mpumalanga,26,2024A,2025-06-13
C049,John Shields Jr.,M,Eastern Cape,27,2024A,2025-06-06
C050,Melissa Haynes,F,Free State,22,2024B,2025-05-01
C051,Gina Davis,M,North West,24,2024A,2025-05-26
C052,Wayne Cook,M,Gauteng,25,2024B,2025-09-14
C053,Bianca Malone,M,Limpopo,21,2024C,2025-08-04
C054,Leonard Lam,M,Limpopo,21,2024C,2025-05-20
C055,Kathleen Clark,F,Eastern Cape,25,2024A,2025-07-19
C056,Jared Robertson,F,North West,24,2024C,2025-05-31
C057,Gerald Martinez,F,Gauteng,30,2024A,2025-04-28
C058,Jasmine Perry,F,Mpumalanga,29,2024C,2025-04-15
C059,Susan Rivera,F,Western Cape,23,2024C,2025-04-22
C060,Joseph Chen,M,Mpumalanga,23,2024B,2025-04-22
C061,Randall Adams,M,Limpopo,23,2024C,2025-06-29
C062,Rachel Rodriguez,M,Free State,26,2024A,2025-03-23
C063,Charles Smith,F,Limpopo,25,2024A,2025-08-05
C064,Susan Walters,F,North West,24,2024A,2025-09-09
C065,Rebecca Adams,F,KwaZulu-Natal,23,2024C,2025-09-19
C066,Larry Taylor,M,KwaZulu-Natal,30,2024A,2025-05-03
C067,Beth Wright,F,Gauteng,22,2024B,2025-05-28
C068,Raymond Hill,F,Eastern Cape,21,2024C,2025-06-02
C069,Natalie Hunt,F,Limpopo,28,2024A,2025-03-29
C070,Danielle Mayo,M,KwaZulu-Natal,28,2024A,2025-08-18
C071,Rachel Carr,F,Northern Cape,22,2024B,2025-06-07
C072,Michelle Torres,F,KwaZulu-Natal,28,2024A,2025-04-05
C073,William Mora,F,Mpumalanga,22,2024A,2025-09-17
C074,Christopher Thompson,F,Free State,27,2024B,2025-09-08
C075,Samantha Martinez,M,Gauteng,30,2024A,2025-06-29
C076,Kim Murphy,F,Western Cape,26,2024C,2025-07-29
C077,Jackson Maxwell,M,Northern Cape,30,2024A,2025-07-02
C078,Molly Cooley,M,Gauteng,25,2024B,2025-05-29
C079,Mary Johnson MD,M,Eastern Cape,25,2024A,2025-07-19
C080,Mckenzie Curtis,F,Limpopo,22,2024B,2025-07-22
C081,Jessica Howard,F,Mpumalanga,22,2024C,2025-05-19
C082,Lisa Gonzales,F,Limpopo,28,2024B,2025-06-08
C083,Stephen Walters,F,KwaZulu-Natal,24,2024B,2025-06-15
C084,Mr. Robert Lopez,M,Northern Cape,30,2024C,2025-06-04
C085,Jane Douglas,F,Eastern Cape,26,2024C,2025-07-12
C086,Steve Washington,M,Gauteng,28,2024B,2025-09-11
C087,Johnny Tucker,F,KwaZulu-Natal,21,2024B,2025-04-02
C088,Ryan Smith,M,North West,25,2024B,2025-03-24
C089,Randy Butler,F,Northern Cape,30,2024A,2025-05-07
C090,Manuel Stevens,F,Limpopo,28,2024A,2025-06-16
C091,Ryan Anderson,M,KwaZulu-Natal,26,2024A,2025-09-11
C092,Jeffrey Russo,M,Gauteng,22,2024C,2025-05-07
C093,David Rivera,M,Free State,27,2024A,2025-06-26
C094,Kimberly Price,M,Free State,25,2024C,2025-04-09
C095,Caleb Flores,M,Eastern Cape,20,2024B,2025-08-02
C096,Daniel Johnson,F,Free State,26,2024B,2025-06-28
C097,Kristen Ho,M,Free State,20,2024B,2025-07-12
C098,John Little,F,KwaZulu-Natal,30,2024C,2025-07-21
C099,Brenda Vance,F,Mpumalanga,21,2024C,2025-05-05
C100,Kelly Burton,M,North West,30,2024C,2025-03-23
C101,Amber Hart,M,Eastern Cape,29,2024B,2025-05-28
C102,Tina Wagner,F,Western Cape,25,2024A,2025-04-29
C103,Nicholas Rivas,M,North West,26,2024B,2025-04-06
C104,Julie Cruz,M,Free State,30,2024C,2025-04-04
C105,Sheri Lester,F,North West,26,2024A,2025-05-29
C106,Crystal Clark,F,Mpumalanga,24,2024A,2025-06-13
C107,William Nguyen,F,Mpumalanga,26,2024B,2025-04-12
C108,Robert Sanchez,M,Mpumalanga,27,2024B,2025-05-04
C109,Natalie Mann,M,Northern Cape,23,2024B,2025-05-26
C110,Casey Hill,F,North West,24,2024C,2025-05-01
C111,Dennis Williams,M,Gauteng,24,2024A,2025-05-27
C112,James Taylor,M,Free State,30,2024A,2025-03-23
C113,Margaret Oconnor,M,Western Cape,23,2024C,2025-09-20
C114,Franklin Greer,M,Limpopo,30,2024A,2025-04-12
C115,Sierra Gonzalez,F,KwaZulu-Natal,22,2024C,2025-04-12
C116,Catherine Humphrey,F,Western Cape,23,2024B,2025-09-05
C117,Susan Andrews,M,Northern Cape,22,2024A,2025-09-13
C118,Amy Davis,M,KwaZulu-Natal,20,2024C,2025-06-14
C119,Laura Johnson,M,North West,26,2024B,2025-07-15
C120,Frank Moss,M,Mpumalanga,23,2024C,2025-07-17
C121,Theresa Leach,F,Western Cape,25,2024B,2025-08-27
C122,Ms. Elizabeth Weber,F,KwaZulu-Natal,21,2024C,2025-03-24
C123,Donna Scott,F,North West,20,2024C,2025-06-15
C124,David Heath,M,North West,26,2024C,2025-07-05
C125,Christine Smith,M,KwaZulu-Natal,27,2024B,2025-07-06
C126,Tanya Franco,M,Eastern Cape,26,2024C,2025-09-11
C127,Jennifer Ewing,M,Northern Cape,30,2024A,2025-07-30
C128,Carlos Roy,M,North West,20,2024B,2025-09-13
C129,Mason Garrett,M,Eastern Cape,30,2024C,2025-09-04
C130,Leah Rivera,F,KwaZulu-Natal,21,2024A,2025-08-14
C131,Rhonda Mcbride,M,Limpopo,25,2024B,2025-06-07
C132,Zachary Brady,F,Mpumalanga,27,2024A,2025-06-28
C133,Russell Lester,M,Northern Cape,26,2024B,2025-09-05
C134,James Hansen,M,Eastern Cape,22,2024C,2025-09-06
C135,Veronica Holmes,F,Eastern Cape,21,2024A,2025-06-13
C136,Joshua Watson,M,Limpopo,27,2024A,2025-06-11
C137,Justin King,M,Free State,24,2024C,2025-05-24
C138,David Kline,F,Mpumalanga,22,2024A,2025-08-18
C139,Kathleen Kent,M,Free State,22,2024C,2025-08-03
C140,Michael Stewart,M,Limpopo,20,2024A,2025-04-11
C141,Keith Lindsey,F,Limpopo,27,2024C,2025-08-18
C142,Jimmy Fitzpatrick,F,Gauteng,30,2024A,2025-08-05
C143,Aaron Murray,F,Free State,21,2024A,2025-08-28
C144,Tracey Washington,M,Gauteng,29,2024B,2025-04-19
C145,Sarah King,M,Gauteng,21,2024C,2025-06-26
C146,Jeremy Lopez,M,Mpumalanga,28,2024B,2025-08-23
C147,Betty Cox,M,Free State,29,2024C,2025-05-14
C148,John Schroeder,F,Limpopo,22,2024A,2025-09-13
C149,Denise Torres,F,Free State,27,2024B,2025-05-14
C150,Mark Chen,M,Gauteng,23,2024A,2025-05-18
C151,Natalie Williams,M,North West,21,2024B,2025-07-23
C152,Mary Brown,F,Eastern Cape,25,2024A,2025-05-17
C153,Aaron King,M,Western Cape,21,2024A,2025-09-20
C154,Austin Perez,M,Western Cape,25,2024A,2025-09-16
C155,Mr. Steven Martinez,M,KwaZulu-Natal,30,2024B,2025-09-01
C156,Joshua Brennan,M,Western Cape,21,2024A,2025-03-23
C157,Kevin Parker,M,North West,26,2024A,2025-06-06
C158,Laura Smith,F,Free State,20,2024A,2025-08-26
C159,Linda Hopkins,M,North West,22,2024A,2025-03-28
C160,Jennifer Moody,M,Free State,30,2024C,2025-08-15
C161,Jimmy Snyder,M,Eastern Cape,28,2024A,2025-07-22
C162,Donna Rich,M,Western Cape,26,2024B,2025-08-20
C163,John Salas,F,Mpumalanga,20,2024B,2025-07-12
C164,Rebecca Daniel,F,Free State,25,2024B,2025-07-16
C165,Joel Gates,F,Gauteng,30,2024B,2025-04-08
C166,Timothy Williams,M,KwaZulu-Natal,24,2024B,2025-06-10
C167,Christopher Foster,M,Gauteng,21,2024C,2025-05-30
C168,Mary Stanley,F,Limpopo,28,2024B,2025-04-12
C169,Jennifer Gibbs,M,North West,21,2024C,2025-05-17
C170,Jason Barrera,M,Northern Cape,29,2024C,2025-07-04
C171,Matthew Hall,M,Gauteng,22,2024A,2025-07-09
C172,Taylor Adams,F,Mpumalanga,23,2024C,2025-07-28
C173,Sean Fitzgerald,F,KwaZulu-Natal,22,2024B,2025-06-18
C174,Timothy Allen,M,Gauteng,29,2024A,2025-05-31
C175,Alicia Hernandez,F,Limpopo,22,2024C,2025-08-25
C176,Jamie Perry,F,Limpopo,24,2024A,2025-04-29
C177,Richard Cameron,F,Western Cape,22,2024A,2025-04-24
C178,Ann Evans,M,Free State,25,2024C,2025-06-12
C179,Ashley Hardin,M,KwaZulu-Natal,26,2024B,2025-05-03
C180,Kelly Bishop,F,Northern Cape,27,2024A,2025-08-01
C181,Sherri Miranda,M,Western Cape,22,2024A,2025-06-24
C182,Robin Moore,F,North West,22,2024C,2025-08-14
C183,Ashley Perry,M,Free State,20,2024B,2025-04-13
C184,John Powers,M,North West,22,2024B,2025-08-05
C185,Jeremiah Matthews,M,Northern Cape,24,2024C,2025-03-26
C186,Christopher Jones,M,Mpumalanga,22,2024B,2025-04-20
C187,Aaron Lopez,F,Eastern Cape,26,2024A,2025-04-07
C188,Evan Meyer,M,KwaZulu-Natal,23,2024A,2025-07-13
C189,Brandy Morgan,F,Free State,29,2024A,2025-06-10
C190,Brandon Perry,F,KwaZulu-Natal,21,2024B,2025-03-29
C191,Scott Smith,M,Free State,27,2024C,2025-04-13
C192,Mary Munoz,M,Eastern Cape,24,2024C,2025-07-30
C193,James Reed,F,Eastern Cape,22,2024B,2025-08-12
C194,Harold Reed,M,Western Cape,23,2024B,2025-08-05
C195,John Bell,F,Mpumalanga,25,2024B,2025-08-24
C196,Derek Norris,M,Free State,22,2024A,2025-09-03
C197,Vickie Hill,F,North West,25,2024A,2025-06-17
C198,Jonathan Johnson,M,Eastern Cape,27,2024B,2025-05-05
C199,Bruce Rosales,F,Western Cape,21,2024B,2025-07-11
C200,Donna Richards,M,Gauteng,25,2024A,2025-07-11
